actor,movie_or_TV_name
Lily Collins,Gilded Rage
Lily Collins,Titan
Lily Collins,Halo of Stars
Lily Collins,Windfall
Lily Collins,Emily in Paris
Lily Collins,Calls
Lily Collins,Mank
Lily Collins,Inheritance
Lily Collins,Tolkien
Lily Collins,"Extremely Wicked, Shockingly Evil and Vile"
Lily Collins,ARTY: Save Me Tonight
Lily Collins,Les Misérables
Lily Collins,A Wizard's Tale
Lily Collins,The Dig
Lily Collins,The Last Tycoon
Lily Collins,Okja
Lily Collins,To the Bone
Lily Collins,Rules Don't Apply
Lily Collins,"Love, Rosie"
Lily Collins,The Mortal Instruments: City of Bones
Lily Collins,M83: Claudia Lewis
Lily Collins,The English Teacher
Lily Collins,Stuck in Love.
Lily Collins,Mirror Mirror
Lily Collins,Abduction
Lily Collins,Priest
Lily Collins,The Blind Side
Lily Collins,90210
Lily Collins,Tarzan
Axel Granberger,Les papillons noirs
Axel Granberger,Connemara
Axel Granberger,Iskander: Shadow of the River
Axel Granberger,Love Hurts
Axel Granberger,Emily in Paris
Axel Granberger,Rascal
Axel Granberger,Honey Cigar
Axel Granberger,Tamara Vol. 2
Christine Hooper,Emily in Paris
Christine Hooper,Je suis en flammes
Christine Hooper,"Casanova, Last Love"
Christine Hooper,The 15:17 to Paris
Christine Hooper,French It Up!
Christine Hooper,14 Tagebücher des Ersten Weltkriegs
Christine Hooper,Paris Je t'aime Moi Non Plus
Christine Hooper,Lucy from Paris 3
Christine Hooper,Lucy from Paris 2
Christine Hooper,Lucy from Paris 1
Christine Hooper,La Fille au Drapeau
Christine Hooper,On the Other Side of the Tracks
Christine Hooper,Astérix and Obélix: God Save Britannia
Christine Hooper,Les guerriers de l'amour
Christine Hooper,Where Is God
Yohan Levy,Good Guys Don't Turn Me on
Yohan Levy,Pink Balls
Yohan Levy,El nieto
Yohan Levy,La Petite Femelle
Yohan Levy,L'invention du luxe à la française
Yohan Levy,Emily in Paris
Yohan Levy,7 Minutes
Yohan Levy,Et Ils Dansèrent
Yohan Levy,Louise
Yohan Levy,Tanguy Is Back
Yohan Levy,Answer the void
Yohan Levy,Roxane
Yohan Levy,Virtual Opportunity
Yohan Levy,Tour De Force
Yohan Levy,Grain de folie
Victor Meutelet,Une famille typique
Victor Meutelet,Filip
Victor Meutelet,Rascals
Victor Meutelet,The Mountain Detective
Victor Meutelet,Voltaire in Love
Victor Meutelet,Emily in Paris
Victor Meutelet,Le Mensonge
Victor Meutelet,Grand Hôtel
Victor Meutelet,Murder in the Basque Country
Victor Meutelet,The Bonfire of Destiny
Victor Meutelet,The Hookup Plan
Victor Meutelet,Alex Hugo
Victor Meutelet,Facteur humain
Victor Meutelet,MILF
Victor Meutelet,Eyewitness
Victor Meutelet,Nikki Marianne
Victor Meutelet,Research Unit
Victor Meutelet,Breathe
Victor Meutelet,Clem
Victor Meutelet,Je suis ta fille
Victor Meutelet,RemI
Victor Meutelet,Eternity
Victor Meutelet,Fanny's Journey
Victor Meutelet,Lebowitz vs Lebowitz
Victor Meutelet,Tout schuss
Victor Meutelet,La Famille Millevoies
Victor Meutelet,"Joséphine, ange gardien"
Victor Meutelet,My Son
Victor Meutelet,"Salaud, on t'aime."
Vladimir Houbart,Mon fils Malik
Vladimir Houbart,Emily in Paris
Vladimir Houbart,30 jours max
Vladimir Houbart,Le lion
Vladimir Houbart,La source
Vladimir Houbart,Épouse-moi mon pote
Vladimir Houbart,Full Speed
Vladimir Houbart,Babysitting
Vladimir Houbart,"Après la pluie, le beau temps"
Elizabeth Tan,Green Lanes
Elizabeth Tan,Wind Riders of Neptune
Elizabeth Tan,Agatha and the Midnight Murders
Elizabeth Tan,Emily in Paris
Elizabeth Tan,The Singapore Grip
Elizabeth Tan,Xenoblade Chronicles: Definitive Edition
Elizabeth Tan,Top Boy
Elizabeth Tan,The Verge
Elizabeth Tan,Resting
Elizabeth Tan,Access to Work
Elizabeth Tan,Luck
Elizabeth Tan,Casualty
Elizabeth Tan,Waterloo Road
Elizabeth Tan,The Syndicate
Elizabeth Tan,Way to Go
Elizabeth Tan,Gorjilla Suit
Elizabeth Tan,Swinging with the Finkels
Elizabeth Tan,Coronation Street
Elizabeth Tan,New Tricks
Elizabeth Tan,Blink
Elizabeth Tan,Spirit Warriors
Elizabeth Tan,Masterwork
Elizabeth Tan,Only Time
Elizabeth Tan,Love Aaj Kal
Elizabeth Tan,Doctor Who
Elizabeth Tan,Witch House: The Legend of Petronel Haxley
Elizabeth Tan,Intergalactic Combat
Elizabeth Tan,Hustle
Elizabeth Tan,Hotel Babylon
Elizabeth Tan,Lai see
Elizabeth Tan,"Bikini-Blitzkrieg, Part One: Dance Domination"
Elizabeth Tan,Hallo Panda
Moussa Sylla,Plus belle la vie
Moussa Sylla,Chronicles of the Sun
Moussa Sylla,Magellan
Moussa Sylla,Tropiques criminels
Moussa Sylla,Lupin
Moussa Sylla,Emily in Paris
Moussa Sylla,À nous de jouer
Moussa Sylla,Sur le terrain
Moussa Sylla,Celle qui traversa le sol
Moussa Sylla,La source
Moussa Sylla,Ubac
Moussa Sylla,The Rage
Moussa Sylla,The Truk
Moussa Sylla,Murder in Tours
Moussa Sylla,Plane
Moussa Sylla,Jezabel
Moussa Sylla,A State of Emergency
Moussa Sylla,Night Is Meant for Sleeping
Moussa Sylla,Night Fare
Moussa Sylla,The Last of the Frenchmen
Moussa Sylla,*Me There
Moussa Sylla,My Friend Victoria
Moussa Sylla,Je t'aime pas plus que moi
Moussa Sylla,"Danbé, la tête haute"
Moussa Sylla,Si proche des miens
Moussa Sylla,Jungle Jihad
Moussa Sylla,Marche forcée
Julien Drion,Candice Renoir
Julien Drion,The Male Gaze: The Boy Is Mine
Julien Drion,Emily in Paris
Julien Drion,The Bonfire of Destiny
Julien Drion,Chronicles of the Sun
Julien Drion,The Break
Julien Drion,Balthazar
Julien Drion,Johnny
Julien Drion,Diversion
Julien Drion,Fait divers
Julien Drion,La persistente
Julien Drion,Lunaire
Julien Drion,"A Musée vous, à musée moi"
Julien Drion,Pompon Girl
Julien Drion,Petits soldats
Julien Drion,Nina
Julien Drion,White Spirit
Julien Drion,Deep
Julien Drion,White Soldier
Julien Drion,Simple
Julien Drion,Le juge est une femme
Julien Drion,Duval and Moretti
Julien Drion,Spiral
Julien Drion,Juventa
Julien Drion,Diane - Crime Fighter
Céline Menville,Emily in Paris
Céline Menville,I Am Not an Easy Man
Céline Menville,Silhouettes
Céline Menville,Xanadu
Céline Menville,Oppressed Majority
Céline Menville,Nos enfants chéris - la série
Céline Menville,"If You Love Me, Follow Me"
Céline Menville,O-Negative
Céline Menville,La bourde
Céline Menville,Tête de gondole
Céline Menville,"Les citrouilles grossissent, je maigris, quelle chaleur!"
Charlotte Krenz,Songs of Revenge
Charlotte Krenz,Napoleon - Metternich: Der Anfang vom Ende
Charlotte Krenz,Emily in Paris
Charlotte Krenz,Verunsichert - Alles Gute für die Zukunft
Charlotte Krenz,Stolpersteine - Stumbling Stones
Charlotte Krenz,Pasteur & Koch: Un duel de géants dans la guerre des microbes
Charlotte Krenz,Mr. Stein Goes Online
Charlotte Krenz,Paris Prestige
Charlotte Krenz,Dusky Paradise
Charlotte Krenz,Kalinka
Charlotte Krenz,The Conquerors
Aleksandra Yermak,En roue libre
Natascha Wiese,Presque au bout du monde
Natascha Wiese,Mange
Natascha Wiese,One and Thousand Nights
Natascha Wiese,Emily in Paris
Natascha Wiese,The Bonfire of Destiny
Aleksandra Yermak,Arthur Rambo
Aleksandra Yermak,Bodily
Aleksandra Yermak,Fantasma
Aleksandra Yermak,Prisoner
Aleksandra Yermak,Astrid et Raphaëlle
Aleksandra Yermak,Madame Claude
Aleksandra Yermak,Emily in Paris
Aleksandra Yermak,Inhuman Resources
Aleksandra Yermak,Legiony
Aleksandra Yermak,The Truth
Aleksandra Yermak,The Inside Game
Aleksandra Yermak,Call My Agent!
Aleksandra Yermak,Cold War
Aleksandra Yermak,Damn you Marie Beauchene!
Aleksandra Yermak,Lebowitz vs Lebowitz
Aleksandra Yermak,Spiral
Aleksandra Yermak,Workingirls
Aleksandra Yermak,Toutes les aubergines ne se valent pas
Aleksandra Yermak,Baron noir
Aleksandra Yermak,The Model
Aleksandra Yermak,L'étudiante et Monsieur Henri
Aleksandra Yermak,Secrets d'histoire
Aleksandra Yermak,Falco
Aleksandra Yermak,Pastorale
Aleksandra Yermak,Superman n'est pas juif (...et moi un peu)
Aleksandra Yermak,Golden Moustache
Aleksandra Yermak,Le nouveau locataire
Aleksandra Yermak,Petits secrets entre voisins
Aleksandra Yermak,You Can't Write a Letter
Aleksandra Yermak,Death in the Shadow of State
Aleksandra Yermak,Je ne suis pas mort
Aleksandra Yermak,Secrets of the Village
Aleksandra Yermak,La fille aux allumettes
Natascha Wiese,The fool
Natascha Wiese,It Must Be Heaven
Natascha Wiese,Sibyl
Natascha Wiese,Hooked Up
Natascha Wiese,Un café por papá
Natascha Wiese,La historia de siempre
Simon de Pury,Emily in Paris
Simon de Pury,Artistry/Technology
Simon de Pury,Orchestra Seats
Aleksandra Yermak,Belleville tour
Aleksandra Yermak,Off and Running
Aleksandra Yermak,Turbulences
Aleksandra Yermak,Incontrôlable
Aleksandra Yermak,A Very Long Engagement
Aleksandra Yermak,Une vie à t'attendre
Aleksandra Yermak,Sex and the City
Aleksandra Yermak,Podium
Aleksandra Yermak,The Dreamers
Éloïse Helm,Harcelés
Éloïse Helm,Emily in Paris
Béatrice de Staël,Vacances
Olivier Blanc,Emily in Paris
Béatrice de Staël,Emily in Paris
Béatrice de Staël,La rupture
Béatrice de Staël,Do not ask for your way
Béatrice de Staël,If You See My Mother
Béatrice de Staël,Death in the Soul
Béatrice de Staël,(Girl)Friend
Béatrice de Staël,Gigot bitume
Béatrice de Staël,Maman
Béatrice de Staël,La promenade du diable
Béatrice de Staël,Les bêtises
Béatrice de Staël,Astragal
Béatrice de Staël,Le chanteur
Béatrice de Staël,Jacky in the Kingdom of Women
Béatrice de Staël,Anna et Otto
Béatrice de Staël,Indésirables
Béatrice de Staël,The Adulteen
Béatrice de Staël,Tant qu'il y aura des hommes!
Béatrice de Staël,"C'est pas de chance, quoi!"
Béatrice de Staël,Little Lion
Béatrice de Staël,Hand in Hand
Béatrice de Staël,Le prolongement de moi
Béatrice de Staël,Superstar
Béatrice de Staël,Declaration of War
Béatrice de Staël,Simple
Olivier Blanc,Budapest
Olivier Blanc,Red
Olivier Blanc,The 15:17 to Paris
Béatrice de Staël,Madeleine et le facteur
Béatrice de Staël,The Queen of Hearts
Constantin Balsan,Chronicles of the Sun
Constantin Balsan,Emily in Paris
Constantin Balsan,The Last Journey
Constantin Balsan,La Garçonne
Constantin Balsan,Tom Clancy's Jack Ryan
Constantin Balsan,Un de moins
Constantin Balsan,Dunkirk
Constantin Balsan,Mr & Mme Adelman
Constantin Balsan,Research Unit
Constantin Balsan,Blood on the Docks
Constantin Balsan,Section Zéro
Constantin Balsan,On verra bien si on se noie
Constantin Balsan,Napoleon: The Russian Campaign
Constantin Balsan,Le pont de l'ange
Constantin Balsan,"Danbé, la tête haute"
Constantin Balsan,Operator
Constantin Balsan,Blood of the Vine
Constantin Balsan,Zones d'ombre
Romain Barreau,Goliath
Romain Barreau,The Accusation
Romain Barreau,Soif
Romain Barreau,Emily in Paris
Romain Barreau,The Big Hit
Romain Barreau,Modern Family
Romain Barreau,Désarticulé
Gwendoline Ginoux,Poker Face
Gwendoline Ginoux,A Christmas Gift from Bob
Gwendoline Ginoux,Emily in Paris
Gwendoline Ginoux,Fear
Gwendoline Ginoux,Game of Death
Gwendoline Ginoux,Laskar Pelangi Sekuel 2: Edensor
Feichan Zeng,"Paris, 13th District"
Feichan Zeng,Emily in Paris
Feichan Zeng,I Was
Julianne Binard,Emily in Paris
Julianne Binard,The Bonfire of Destiny
Julianne Binard,Masters of Love
Julianne Binard,The Last Wave
Julianne Binard,Twice Upon a Time
Julianne Binard,Mission: Impossible - Fallout
Julianne Binard,Sous influence
Julianne Binard,Prof T.
Julianne Binard,Raw
Julianne Binard,Things to Come
Julianne Binard,Bis
Julianne Binard,Nobody from Nowhere
Julianne Binard,Les profs
Julianne Binard,Research Unit
Julianne Binard,My Way
Julianne Binard,Heartbeat Detector
Justine Serrault,The Promise
Justine Serrault,Emily in Paris
Justine Serrault,The Last Wave
Justine Serrault,Life Is Ours
Justine Serrault,Code Lyoko
Anna Rezan,The Secret of the Gods
Anna Rezan,African Mystique
Anna Rezan,Beauty Before Age
Anna Rezan,Naptorun Pansiyon
Anna Rezan,Emily in Paris
Anna Rezan,Celebrating Life
Anna Rezan,Like a Summer Night
Anna Rezan,Open House
Anna Rezan,Let There Be Love
Anna Rezan,Happiness Is a Warm Gun
Anna Rezan,Ever Been to the Moon?
Anna Rezan,The Good Wife
Anna Rezan,The Story of My Life
Anna Rezan,Immaturi - Il viaggio
Anna Rezan,Let There Be Rain
Anna Rezan,I zoi tis allis
Anna Rezan,Show Bitch
Anna Rezan,Love at First Sight?
Anna Rezan,Sex Shop TV
Anna Rezan,Litsa.com
Anna Rezan,Katharsi
Anna Rezan,Lola
Anna Rezan,Loufa kai parallagi - I seira
Anna Rezan,To kokkino domatio
Anna Rezan,Matomena homata
Anna Rezan,Latremenoi mou geitones
Anna Rezan,The Sisterhood of the Traveling Pants 2
Anna Rezan,Ihni
Anna Rezan,Yungermann
Anna Rezan,Eftyhismenoi mazi
Anna Rezan,Ta koritsia tou baba
Anna Rezan,An ypirhes tha se horiza
Anna Rezan,Zoi xana
Anna Rezan,Eduart
Anna Rezan,The Nanny
Anna Rezan,Woman Is... a Tough Person
Maja Simonsen,The King's Man
Maja Simonsen,Emily in Paris
Maja Simonsen,Treadstone
Maja Simonsen,Turn Up Charlie
Maja Simonsen,Immortality
Alice Révérend,Emily in Paris
Alice Révérend,Tomorrow Is Ours
Alice Révérend,Family Business
Alice Révérend,Glacé
Alice Révérend,Our Crazy Family
Alice Révérend,The Magic Snowflake
Lee Aaron Rosen,Emily in Paris
Lee Aaron Rosen,Harlan Coben's Shelter
Michael Oilar,Through Eyes of Grace
Michael Oilar,Stand in the Gap
Michael Oilar,61st Street
Michael Oilar,Station Eleven
Lee Aaron Rosen,Cammy
Lee Aaron Rosen,The Enemy Within
Lee Aaron Rosen,The Blacklist
Lee Aaron Rosen,Red Dead Redemption II
Lee Aaron Rosen,A Kid Like Jake
Lee Aaron Rosen,Elementary
Lee Aaron Rosen,Limitless
Lee Aaron Rosen,The Good Wife
Lee Aaron Rosen,Sidewalk Traffic
Lee Aaron Rosen,80/20
Lee Aaron Rosen,Lawn Care
Lee Aaron Rosen,The Big C
Lee Aaron Rosen,Nurse Jackie
Lee Aaron Rosen,Damages
Lee Aaron Rosen,Person of Interest
Lee Aaron Rosen,The Warriors
Lee Aaron Rosen,Grand Theft Auto: San Andreas
Lee Aaron Rosen,Company K
Lee Aaron Rosen,Law & Order: Criminal Intent
Lee Aaron Rosen,Saving Private Ryan
Michael Oilar,Machine Learning
Michael Oilar,Cacio e papa
Michael Oilar,Power Book IV: Force
Michael Oilar,Chained to a Cowboy
Michael Oilar,Cat Cam
Michael Oilar,Cat Cam
Michael Oilar,The Big Leap
Michael Oilar,Candyman
Michael Oilar,50 Worst Dates
Michael Oilar,The Killers Club
Michael Oilar,Sparks
Michael Oilar,Batwoman
Michael Oilar,Chicago Fire
Michael Oilar,The Coleman Show
Michael Oilar,Next
Michael Oilar,Lovecraft Country
Michael Oilar,Storm Stories: The Next Chapter
Michael Oilar,Emily in Paris
Michael Oilar,Fargo
Michael Oilar,The Trial of the Chicago 7
Michael Oilar,Utopia
Michael Oilar,Durag Bae
Michael Oilar,The Chi
Michael Oilar,Empire
Michael Oilar,Run
Michael Oilar,Chicago Med
Michael Oilar,The Thing About Harry
Michael Oilar,Work in Progress
Michael Oilar,Chicago P.D.
Alix Bénézech,Juliet
Alix Bénézech,Triangle the hidden face
Alix Bénézech,Pierre & Moi
Alix Bénézech,Separati (Separated)
Alix Bénézech,Nina
Alix Bénézech,Tahiti Spirit
Alix Bénézech,La fin
Alix Bénézech,Seul
Alix Bénézech,Murder in Castellane
Alix Bénézech,Emily in Paris
Alix Bénézech,"Résistance, Renaissance, Résilience"
Alix Bénézech,Alice in Paris
Alix Bénézech,Chatzone: The Mackenzie
Alix Bénézech,Long Adieu
Alix Bénézech,Whiskey Cavalier
Alix Bénézech,Puisque nous mourrons
Alix Bénézech,Mission: Impossible - Fallout
Alix Bénézech,Polaroid
Alix Bénézech,Like Wolves and Lambs
Alix Bénézech,Nu
Alix Bénézech,The 15:17 to Paris
Alix Bénézech,La Guerre des As
Alix Bénézech,La lettre à Noémie
Alix Bénézech,Le syndrome Doris Day
Alix Bénézech,On ne parle plus beaucoup aujourd'hui
Alix Bénézech,Fractures
Alix Bénézech,Cassandre
Alix Bénézech,Le juge est une femme
Alix Bénézech,La Boulangerie
Alix Bénézech,Le tour du Bagel
Alix Bénézech,En attendant Violette
Alix Bénézech,Blood of the Vine
Alix Bénézech,Nazar Palmus
Alix Bénézech,La pièce
Alix Bénézech,Camping 3
Alix Bénézech,Les vilains
Alix Bénézech,Mallory
Alix Bénézech,Sowing the Seeds of Love
Alix Bénézech,Bébés requins
Alix Bénézech,Sunny Star
Alix Bénézech,A votre service
Alix Bénézech,Elles s'appellent toutes Marie
Alix Bénézech,Only You
Alix Bénézech,The Scent of Mandarin
Alix Bénézech,Summertime
Alix Bénézech,Night Fare
Alix Bénézech,Juliet
Alix Bénézech,No Way
Alix Bénézech,Les Baloches
Alix Bénézech,Bis
Alix Bénézech,Napoleon: The Russian Campaign
Alix Bénézech,Moonlight Serenade
Alix Bénézech,Noura
Alix Bénézech,Peigne-moi
Alix Bénézech,The Manager
Alix Bénézech,Que justice soit nôtre
Alix Bénézech,Phil
Alix Bénézech,The Anklet
Alix Bénézech,Des lendemains qui chantent
Alix Bénézech,The Dreamlife of David L
Alix Bénézech,La menace d'une rose
Alix Bénézech,Laval Virtual
Alix Bénézech,R.I.S. Police scientifique
Alix Bénézech,2Day
Alix Bénézech,Je suis ta destinée
Alix Bénézech,Maybe Tomorrow
Alix Bénézech,Roll Shaker
Alix Bénézech,"Fais pas ci, fais pas ça"
Alix Bénézech,Trucs de gosse
Alix Bénézech,Dernier recours
Alix Bénézech,Le quepa sur la vilni!
Alix Bénézech,You Can't Write a Letter
Alix Bénézech,"Palmashow, l'émission"
Alix Bénézech,Very Bad Blagues
Alix Bénézech,Article 23
Alix Bénézech,Autumn Leaves - Les Feuilles Mortes
Alix Bénézech,Au paradis des hommes
Alix Bénézech,Amour monstre
Alix Bénézech,Beggar's Holiday
Alix Bénézech,Plus belle la vie
Alix Bénézech,Les boules de Noël d'Hérotoman
Alix Bénézech,Phileas Fortune
Alix Bénézech,Show Buzz
Alix Bénézech,Le jour où tout a basculé
Alix Bénézech,Train Potins
Alix Bénézech,Ouvert 24/7
Alix Bénézech,Eva veut bien
Alix Bénézech,Comment amour vient aux femmes
Alix Bénézech,Écrire pour un chanteur
Rebecca Benhamour,"Simone Veil, a Woman of the Century"
Rebecca Benhamour,Ici tout commence
Rebecca Benhamour,Emily in Paris
Rebecca Benhamour,"Joséphine, ange gardien"
Rebecca Benhamour,Le tube
Rebecca Benhamour,Profilage
Jeremy O. Harris,Emily in Paris
Jeremy O. Harris,Gossip Girl
Jeremy O. Harris,ZIWE
Jeremy O. Harris,Ouverture of Something that Never Ended
Jeremy O. Harris,The Great Work Begins. Scenes from Angels in America
Jeremy O. Harris,States
Jeremy O. Harris,What We Do in the Shadows
Jeremy O. Harris,Jobe'z World
Jeremy O. Harris,High Maintenance
Jeremy O. Harris,Song to Song
Jeremy O. Harris,Small Talk
Jeremy O. Harris,The Amateur
Jeremy O. Harris,Crack of Dawn
Jeremy O. Harris,#Nightstrife
Jeremy O. Harris,LA's Angel
Arnaud Binard,Bellefond
Arnaud Binard,Emily in Paris
Arnaud Binard,Unclaimed
Arnaud Binard,Camping paradis
Arnaud Binard,Mortelles calanques
Arnaud Binard,Meurtres à Pont-L'Évêque
Arnaud Binard,Modern Family
Arnaud Binard,Murder in the Basque Country
Arnaud Binard,Banking District
Arnaud Binard,The Last Wave
Arnaud Binard,My Last Lullaby
Arnaud Binard,A Baby for Christmas
Arnaud Binard,Les Petits Muertres D'Agatha Christie
Arnaud Binard,From Cradle to Grave
Arnaud Binard,Murders in Valenciennes
Arnaud Binard,Eyewitness
Arnaud Binard,Agathe Koltès
Arnaud Binard,Meurtres à...
Arnaud Binard,Captain Sharif
Arnaud Binard,The Plessis Girls
Arnaud Binard,The Intern
Arnaud Binard,Tina Arena: Je Dis Call Me
Arnaud Binard,Mongeville
Arnaud Binard,"Aux Armes, Etc Prologue"
Arnaud Binard,Guidestones
Arnaud Binard,Blood of the Vine
Arnaud Binard,Boulevard du Palais
Arnaud Binard,Enquêtes réservées
Arnaud Binard,Versus
Arnaud Binard,Research Unit
Arnaud Binard,Nouvelle Maud
Arnaud Binard,Clem
Arnaud Binard,ID:A
Arnaud Binard,Empreintes criminelles
Arnaud Binard,Maison close
Arnaud Binard,Les toqués
Arnaud Binard,"Joséphine, ange gardien"
Arnaud Binard,À l'aventure
Arnaud Binard,Lost Signs
Arnaud Binard,Rugbystar
Arnaud Binard,Le juge est une femme
Arnaud Binard,Times Have Been Better
Arnaud Binard,Le dernier seigneur des Balkans
Arnaud Binard,"Manatea, les perles du Pacifique"
Arnaud Binard,Groupe flag
Arnaud Binard,Crimson Moon
Arnaud Binard,Grande école
Arnaud Binard,"Valentine, the Pygmalion of the Vineyard"
Arnaud Binard,Les femmes ont toujours raison
Arnaud Binard,Bloody Pizza
Arnaud Binard,Dead If Possible
Arnaud Binard,Duelles
Arnaud Binard,Leïla
Arnaud Binard,Superlove
Arnaud Binard,Les kidnappeurs
Arnaud Binard,Sous le soleil
Arnaud Binard,Le miracle de l'amour
Clément Sanchez,Emily in Paris
Clément Sanchez,Je suis moi
Juliette Poissonnier,Lupin
Juliette Poissonnier,La traque
Juliette Poissonnier,Emily in Paris
Juliette Poissonnier,Quand on crie au loup
Juliette Poissonnier,One Role for Two
Juliette Poissonnier,Tall Tales from the Magical Garden of Antoon Krings
Juliette Poissonnier,"Joséphine, Pregnant & Fabulous"
Juliette Poissonnier,Graziella
Juliette Poissonnier,Do Not Disturb
Juliette Poissonnier,French Dolls
Juliette Poissonnier,A Lovebirds' Divorce
Juliette Poissonnier,The Suicide Shop
Juliette Poissonnier,Histoire belge
Juliette Poissonnier,Ouifi
Juliette Poissonnier,"Fais pas ci, fais pas ça"
Juliette Poissonnier,Paul et ses femmes
Juliette Poissonnier,Divorces!
Juliette Poissonnier,Le coach
Juliette Poissonnier,Home Sweet Home
Juliette Poissonnier,Beauties at War
Juliette Poissonnier,Surprise!
Juliette Poissonnier,Iznogoud- Caliph Instead of the Caliph
Juliette Poissonnier,Toutes les Margaux
Juliette Poissonnier,Les mariages d'Agathe
Juliette Poissonnier,Au suivant!
Juliette Poissonnier,The Corsican File
Juliette Poissonnier,RRRrrrr!!!
Juliette Poissonnier,Domisiladoré
Juliette Poissonnier,L'amour interdit
Juliette Poissonnier,La chambre des parents I: Un ex-amour
Juliette Poissonnier,Le sourire d'Alice
Juliette Poissonnier,Night Wind
Juliette Poissonnier,De gré ou de force
Juliette Poissonnier,Les grands enfants
Juliette Poissonnier,Tout ce qui brille
Juliette Poissonnier,3000 scénarios contre un virus
Alexis Barbosa,Exceptional Beings
Alexis Barbosa,The 355
Alexis Barbosa,Lost Illusions
Alexis Barbosa,Emily in Paris
Alexis Barbosa,A Barge on the Ocean
Alexis Barbosa,Mission: Impossible - Fallout
Alexis Barbosa,See You Up There
Alexis Barbosa,Pacific Mermaid
Alexis Barbosa,Captain Sharif
Anaïs Weill,Influences
Anaïs Weill,Black Box
Anaïs Weill,Neuf meufs
Anaïs Weill,Emily in Paris
Anaïs Weill,Lazare
Anaïs Weill,Je ne serai pas Violaine
Anaïs Weill,Eva K.
Anaïs Weill,SebastiAN: Thirst
Anaïs Weill,"Jacomino, naissance d'une mafia"
Anaïs Weill,Je suis un entre-deux
Romain Vissol,Emily in Paris
Romain Vissol,DoXa
Romain Vissol,Daddy Cool
Romain Vissol,Serge le Mytho
Romain Vissol,Ma pire angoisse
Romain Vissol,Going to Brazil
Romain Vissol,Ceux de 14
Romain Vissol,"Roxane, la vie sexuelle de ma pote"
Romain Vissol,Au siècle de Maupassant: Contes et nouvelles du XIXème siècle
Romain Vissol,Kali
Romain Vissol,Crazy Driving
Romain Vissol,Brigade Navarro
Romain Vissol,La maison Tellier
Romain Vissol,Le temps d'un regard
Romain Vissol,Dombais et fils
Romain Vissol,Cabaret
Romain Vissol,What Women Want
Romain Vissol,L'homme qui voulait passer à la télé
Romain Vissol,The Gospel According to Aime
Romain Vissol,Coup de vache
Romain Vissol,Night Squad
Romain Vissol,The First Time I Turned Twenty
Romain Vissol,La Ronde des Flandres
Romain Vissol,Ben and Thomas
Romain Vissol,Boulevard du Palais
Claude Perron,Big Bug
Claude Perron,Haute Couture
Claude Perron,Emily in Paris
Claude Perron,Villa Caprice
Claude Perron,Les rivières pourpres
Claude Perron,Notre Dame
Claude Perron,Calls
Claude Perron,The Traveller
Claude Perron,Who You Think I Am
Claude Perron,Groom
Claude Perron,Bécassine!
Claude Perron,Ordeal
Claude Perron,Love Addict
Claude Perron,Le brio
Claude Perron,Revenge
Claude Perron,Workingirls
Claude Perron,Spin
Claude Perron,Deux escargots s'en vont
Claude Perron,The Jews
Claude Perron,The Wall-Crosser
Claude Perron,Life-Changing Ad
Claude Perron,Families
Claude Perron,Collection rue des ravissantes: Boris Vian fait son cinéma
Claude Perron,On a marché sur Bangkok
Claude Perron,"Sex, Love & Therapy"
Claude Perron,Les Petits Muertres D'Agatha Christie
Claude Perron,Zoo
Claude Perron,Vive la France
Claude Perron,Edwige
Claude Perron,Un nuage dans un verre d'eau
Claude Perron,Double mixte
Claude Perron,The Wyvern's Lair
Claude Perron,The Day I Saw Your Heart
Claude Perron,Opale plage
Claude Perron,The Horde
Claude Perron,Cortex
Claude Perron,Nos familles
Claude Perron,Les cerfs-volants
Claude Perron,Autopsy
Claude Perron,Chrysalis
Claude Perron,Suzanne
Claude Perron,Locked Out
Claude Perron,Sable noir
Claude Perron,Progéniture
Claude Perron,Belhorizon
Claude Perron,À boire
Claude Perron,My Angel
Claude Perron,Cause toujours!
Claude Perron,Cash Truck
Claude Perron,The Red Knight
Claude Perron,Leave Your Hands on My Hips
Claude Perron,Amélie
Claude Perron,After the Reconciliation
Claude Perron,Bellyful
Claude Perron,Brushing Sue Helen
Claude Perron,Blue Away to America
Claude Perron,The Creator
Claude Perron,Bernie
David Prat,Emily in Paris
David Prat,THerapie Taxi: Cri des loups
David Prat,Therapie Taxi ft. Roméo Elvis - Hit Sale
David Prat,Petit Cosmos
David Prat,Sophie's Misfortunes
David Prat,Nino (Une adolescence imaginaire de Nino Ferrer)
Lucien Laviscount,Peacock
Lucien Laviscount,Sentinel
Lucien Laviscount,The Selection
Lucien Laviscount,Emily in Paris
Lucien Laviscount,Threesome
Lucien Laviscount,Trust
Lucien Laviscount,Katy Keene
Lucien Laviscount,Snatch
Lucien Laviscount,Love Beats Rhymes
Lucien Laviscount,Still Star-Crossed
Lucien Laviscount,The Bye Bye Man
Lucien Laviscount,Between Two Worlds
Lucien Laviscount,Scream Queens
Lucien Laviscount,Runaway
Lucien Laviscount,Point of Honor
Lucien Laviscount,Honeytrap
Lucien Laviscount,One Night in Istanbul
Lucien Laviscount,Supernatural
Lucien Laviscount,Episodes
Lucien Laviscount,Skins
Lucien Laviscount,Love Matters
Lucien Laviscount,The Syndicate
Lucien Laviscount,Death in Paradise
Lucien Laviscount,Midnight Sun
Lucien Laviscount,Trollied
Lucien Laviscount,Mount Pleasant
Lucien Laviscount,Shameless
Lucien Laviscount,New Tricks
Lucien Laviscount,Waterloo Road
Lucien Laviscount,Casualty
Lucien Laviscount,Coronation Street
Lucien Laviscount,Father & Son
Lucien Laviscount,Life Bites
Lucien Laviscount,Grange Hill
Lucien Laviscount,New Street Law
Lucien Laviscount,Johnny and the Bomb
Lucien Laviscount,Clocking Off
Alexandrina Turcan,Haute Couture
Alexandrina Turcan,Emily in Paris
Alexandrina Turcan,Inhuman Resources
Alexandrina Turcan,Persona non grata
Alexandrina Turcan,Love at Second Sight
Alexandrina Turcan,War on Beasts
Alexandrina Turcan,The Full House
Alexandrina Turcan,The Ideal
Raphaël Kahn,Mensonges
Raphaël Kahn,Emily in Paris
Raphaël Kahn,"Joséphine, ange gardien"
Raphaël Kahn,Tomorrow Is Ours
Raphaël Kahn,Tomorrow Is Ours - The Trap
Raphaël Kahn,Carnivores
Raphaël Kahn,The French Dream
Raphaël Kahn,When Margaux Meets Margaux
Raphaël Kahn,Addict
Raphaël Kahn,Elle
Raphaël Kahn,France KBEK
Carlson Young,A Pity
Carlson Young,12 Mighty Orphans
Carlson Young,The Blazing World
Carlson Young,Emily in Paris
Carlson Young,Peel: Catch & Release
Carlson Young,Trudge
Carlson Young,Date
Carlson Young,The Blazing World
Carlson Young,50 Ways
Carlson Young,A Man for Every Month
Carlson Young,The Night Is Young
Carlson Young,Scream: The TV Series
Carlson Young,Pickle and Peanut
Carlson Young,Last Teenagers of the Apocalypse
Carlson Young,CSI: Cyber
Carlson Young,Grimm
Carlson Young,A Country Called Home
Carlson Young,Scream: Killer Party
Carlson Young,Premature
Carlson Young,The Kid
Carlson Young,Key and Peele
Carlson Young,Kroll Show
Carlson Young,Pair of Kings
Carlson Young,Shake It Up
Carlson Young,Wendy
Carlson Young,Traffic Light
Carlson Young,The Perfect Student
Carlson Young,Big Time Rush
Carlson Young,Cutthroat
Carlson Young,CSI: Crime Scene Investigation
Carlson Young,The League
Carlson Young,The Dog Who Saved Christmas Vacation
Carlson Young,True Blood
Carlson Young,Pretty Little Liars
Carlson Young,Heroes
Carlson Young,As the Bell Rings
Julien Floreancig,Imaginary Kittens
Julien Floreancig,L'homme au piano
Julien Floreancig,Chronicles of the Sun
Julien Floreancig,Cassandre
Julien Floreancig,Emily in Paris
Julien Floreancig,Curry Club
Julien Floreancig,Les enfants fous
Julien Floreancig,Varez: Babe
Julien Floreancig,Je suis un voleur
Julien Floreancig,Borderline Thérapie
Julien Floreancig,Parking Bram Stoker
Julien Floreancig,La Smala s'en mêle
Julien Floreancig,La nuit de mes 17 ans
Julien Floreancig,Coeur océan
Julien Floreancig,Victoire Bonnot
Julien Floreancig,"Joséphine, ange gardien"
Alice Hewkin,Jump Out
Alice Hewkin,Emily in Paris
Alice Hewkin,Strike Back
Alice Hewkin,The Athena
Alice Hewkin,Sex Education
Alice Hewkin,Lucky Man
Alice Hewkin,The Crown
Alice Hewkin,The Mummy
Alice Hewkin,Doctor Who
Alice Hewkin,Soul Broken Sky
Alice Hewkin,Cuckoo
Alice Hewkin,Doctors
Alice Hewkin,Stella
Alice Hewkin,BBC Comedy Feeds
Alice Hewkin,The Vote
Alice Hewkin,Diversion
Alice Hewkin,Teacup Travels
Alice Hewkin,Game of Thrones
Alice Hewkin,Sherlock Holmes and the Baker Street Irregulars
Faith Prince,Monarch
Faith Prince,Dear Christmas
Faith Prince,Emily in Paris
Faith Prince,Chicago Justice
Faith Prince,Modern Family
Faith Prince,Angel from Hell
Faith Prince,Scream Queens
Faith Prince,Melissa & Joey
Faith Prince,Galavant
Faith Prince,Drop Dead Diva
Faith Prince,Happy Endings
Faith Prince,A Gifted Man
Faith Prince,Tinker Bell and the Great Fairy Rescue
Faith Prince,CSI: Crime Scene Investigation
Faith Prince,Ugly Betty
Faith Prince,Medium
Faith Prince,Mad Men
Faith Prince,The PTA
Faith Prince,Grey's Anatomy
Faith Prince,Material Girls
Faith Prince,Huff
Faith Prince,Our Very Own
Faith Prince,Monk
Faith Prince,House
Faith Prince,Sweet Potato Queens
Faith Prince,Sabrina the Teenage Witch
Faith Prince,Between the Lions
Faith Prince,Spin City
Faith Prince,Welcome to New York
Faith Prince,Now and Again
Faith Prince,It Had to Be You
Faith Prince,A Season for Miracles
Faith Prince,Picture Perfect
Alexandre Wetter,Body Double 32
Alexandre Wetter,Loving
Alexandre Wetter,Emily in Paris
Alexandre Wetter,Miss
Alexandre Wetter,The One & The Other
Alexandre Wetter,The Marvelous Mrs. Maisel
Faith Prince,Frasier
Faith Prince,Big Bully
Faith Prince,High Society
Faith Prince,Friends at Last
Faith Prince,My Father the Hero
Faith Prince,Law & Order
Faith Prince,Dave
Faith Prince,Loving
Faith Prince,Encyclopedia
Faith Prince,The Last Dragon
Faith Prince,Remington Steele
Alexandre Wetter,Guépardes
Alexandre Wetter,Kiss Me!
Alexandre Wetter,Loulou
Alexandre Wetter,Barbara
Alexandre Wetter,Adam-ma
Alexandre Wetter,Le tour du Bagel
Alexandre Wetter,Blood Red
Erica Pelosini,Emily in Paris
Alexandre Balduzzi,Emily in Paris
Alexandre Balduzzi,The Lachance Kids
Alexandre Balduzzi,Le jour où tout a basculé
Alexandre Balduzzi,Sous le soleil
Maud Druine,The Responder
Maud Druine,The 355
Maud Druine,Showtrial
Maud Druine,Sex Education
Maud Druine,"ASKIP, le collège se la raconte"
Maud Druine,Viewpoint
Maud Druine,Emily in Paris
Maud Druine,Family Swap
Maud Druine,War of the Worlds
Maud Druine,Orin Brezhon
Maud Druine,Chronicles of the Sun
Maud Druine,The Shelter
Maud Druine,Carbon
Maud Druine,Grown Ups
Maud Druine,Hollyoaks
Maud Druine,Blood of Hatred
Maud Druine,The Secret Scripture
Maud Druine,Code Lyoko
Maud Druine,Polisse
Xanthe Elbrick,Emily in Paris
Xanthe Elbrick,Star Wars: The Old Republic - Onslaught
Xanthe Elbrick,Star Wars: The Old Republic - Knights of the Eternal Throne
Xanthe Elbrick,Star Wars: The Old Republic - Knights of the Fallen Empire
Xanthe Elbrick,Star Wars: The Old Republic - Shadow of Revan
Xanthe Elbrick,Star Wars: The Old Republic - Rise of the Hutt Cartel
Xanthe Elbrick,The God Phone
Xanthe Elbrick,Star Wars: The Old Republic
Xanthe Elbrick,Fringe
Xanthe Elbrick,Body of Lies
Xanthe Elbrick,LD 50 Lethal Dose
Xanthe Elbrick,Doctors
Eion Bailey,From
Eion Bailey,The Stand
Eion Bailey,Deliver by Christmas
Eion Bailey,Emily in Paris
Eion Bailey,All American
Eion Bailey,FBI
Eion Bailey,Switched for Christmas
Eion Bailey,The Last Tycoon
Eion Bailey,Extortion
Eion Bailey,Once Upon a Time
Eion Bailey,Who Killed JonBenét?
Eion Bailey,Stalker
Eion Bailey,Ray Donovan
Eion Bailey,Law & Order: Special Victims Unit
Eion Bailey,Grace
Eion Bailey,Covert Affairs
Eion Bailey,Law & Order: Criminal Intent
Eion Bailey,30 Rock
Eion Bailey,Dirty Little Secret
Eion Bailey,Anatomy of Hope
Eion Bailey,Can Openers
Eion Bailey,House Rules
Eion Bailey,The Canyon
Eion Bailey,Cold Case
Eion Bailey,Numb3rs
Eion Bailey,(Untitled)
Eion Bailey,Language of the Enemy
Eion Bailey,Orpheus
Eion Bailey,Candles on Bay Street
Eion Bailey,Nightmares & Dreamscapes: From the Stories of Stephen King
Eion Bailey,CSI: NY
Eion Bailey,Life of the Party
Eion Bailey,ER
Eion Bailey,Sexual Life
Eion Bailey,Mindhunters
Eion Bailey,Without a Trace
Eion Bailey,And Starring Pancho Villa as Himself
Eion Bailey,The Scoundrel's Wife
Eion Bailey,Band of Brothers
Eion Bailey,Seven and a Match
Eion Bailey,Almost Famous
Eion Bailey,Center Stage
Eion Bailey,The Young Unknowns
Eion Bailey,Fight Club
Eion Bailey,Significant Others
Eion Bailey,Dawson's Creek
Eion Bailey,A Better Place
Eion Bailey,Buffy the Vampire Slayer
Christophe Guybet,Sakho & Mangane
Christophe Guybet,Emily in Paris
Christophe Guybet,The Singapore Grip
Christophe Guybet,Detroit: Become Human
Christophe Guybet,A Change of Heart
Christophe Guybet,"Les trois frères, le retour"
Christophe Guybet,L'homme de la situation
Christophe Guybet,Watch Your Lip!
Christophe Guybet,Famille décomposée
Christophe Guybet,Une dernière pour la route
Christophe Guybet,Bambou
Christophe Guybet,Profilage
Christophe Guybet,Bank Error in Your Favour
Christophe Guybet,King Guillaume
Christophe Guybet,Foursome
Christophe Guybet,Poltergay
Christophe Guybet,Une femme d'honneur
Christophe Guybet,Avocats & associés
Christophe Guybet,Un prof en cuisine
Christophe Guybet,Oil No More
Christophe Guybet,Le juge est une femme
Christophe Guybet,Caméra café
Christophe Guybet,Avis de tempête
Christophe Guybet,Les rois mages
Christophe Guybet,Actors
Christophe Guybet,Le schpountz
Christophe Guybet,H
Christophe Guybet,Micro climat
Christophe Guybet,Alissa
Christophe Guybet,Madeline
Christophe Guybet,Paparazzi
Christophe Guybet,Highlander
Christophe Guybet,Paradis d'enfer
Gauthier Battoue,Pil's Adventures
Gauthier Battoue,The Summit of the Gods
Gauthier Battoue,Emily in Paris
Gauthier Battoue,Mystère à l'Élysée
Christophe Guybet,Le pari
Christophe Guybet,Golden Boy
Christophe Guybet,Quatre pour un loyer
Christophe Guybet,Fantômette
Christophe Guybet,Thirst for Gold
Christophe Guybet,La baby-sitter
Christophe Guybet,Bonjour l'angoisse
Christophe Guybet,The Executioner of Hearts
Christophe Guybet,Les diplômés du dernier rang
Christophe Guybet,Schools Falling Apart
Christophe Guybet,The Pawn
Gauthier Battoue,Deutsch-les-Landes
Gauthier Battoue,The Romanoffs
Gauthier Battoue,Written in Blood
Gauthier Battoue,Soul Mates
Gauthier Battoue,Sunshine State of Mind
Gauthier Battoue,Traque
Gauthier Battoue,Murder in Maussane
Gauthier Battoue,Nobody's Perfect!
Gauthier Battoue,Sales gosses
Gauthier Battoue,Marianne
Gauthier Battoue,Duel au soleil
Gauthier Battoue,"Iqbal, a Tale of a Fearless Child"
Gauthier Battoue,"Guillaume, la jeunesse du conquérant"
Gauthier Battoue,The Tournament
Gauthier Battoue,Falco
Gauthier Battoue,Zip Zip
Gauthier Battoue,Defendant
Gauthier Battoue,La loi de...
Gauthier Battoue,Origines
Gauthier Battoue,La frange des filles
Gauthier Battoue,Dommages collatéraux
Gauthier Battoue,Direction générale de la VDM
Gauthier Battoue,"Alias Caracalla, au coeur de la Résistance"
Gauthier Battoue,The Radar
Gauthier Battoue,"Ma femme, ma fille, 2 bébés"
Gauthier Battoue,Show Buzz
Gauthier Battoue,Research Unit
Gauthier Battoue,À dix minutes de nulle part
Gauthier Battoue,Boulevard du Palais
Camille Japy,Catarina
Esther Galan,Paris Police 1900
Esther Galan,Emily in Paris
Esther Galan,Divorce Club
Esther Galan,Skam France
Gauthier Battoue,Trop la Classe Verte!
Gauthier Battoue,Total Blackout
Gauthier Battoue,Le juge est une femme
Gauthier Battoue,Le Poker du diable
Gauthier Battoue,Plus belle la vie
Gauthier Battoue,Aristides de Sousa Mendes: A Rebel
Gauthier Battoue,Famille d'accueil
Gauthier Battoue,Cinq soeurs
Camille Japy,Fantasies
Camille Japy,Emily in Paris
Camille Japy,How I Became a Super Hero
Camille Japy,Replay
Camille Japy,Rendez-vous chez les Malawas
Camille Japy,Whatever It Takes
Camille Japy,"Moi, Grosse"
Camille Japy,(Un peu) énervé
Camille Japy,Break
Camille Japy,Qu'est ce qu'on attend pour être heureux?
Camille Japy,Spiral
Camille Japy,Corporate
Camille Japy,Do It Right
Camille Japy,Sam
Camille Japy,Mongeville
Camille Japy,Lebowitz vs Lebowitz
Camille Japy,En famille
Camille Japy,The Eiffel Tower Mystery
Camille Japy,Gaz de France
Camille Japy,Journey Through China
Camille Japy,Intime conviction
Camille Japy,"Tiger Lily, quatre femmes dans la vie"
Camille Japy,It Boy
Camille Japy,Bicycling with Molière
Camille Japy,A Way
Camille Japy,Profilage
Camille Japy,Blood on the Docks
Camille Japy,The Devil in the Skin
Camille Japy,My Tree
Camille Japy,Une nouvelle vie
Camille Japy,The Wyvern's Lair
Camille Japy,La croisière
Camille Japy,La loi selon Bartoli
Camille Japy,Le pigeon
Camille Japy,Supergirl
Camille Japy,Animal Heart
Camille Japy,Taken
Camille Japy,Déjà vu
Camille Japy,Le réveillon des bonnes
Camille Japy,La vie d'artiste
Camille Japy,A Curtain Raiser & Other Shorts
Camille Japy,"Très bien, merci"
Camille Japy,Fête de famille
Camille Japy,Odette Toulemonde
Camille Japy,La jeune femme qui lisait des romans d'amour
Camille Japy,Cold Showers
Camille Japy,La parenthèse interdite
Camille Japy,The Cost of Living
Camille Japy,The Staircase
Camille Japy,All Girls Are Crazy
Camille Japy,A Great Little Business
Camille Japy,Sachez chasser
Camille Japy,Vertiges
Camille Japy,Higher Still
Camille Japy,X2000: The Collected Shorts of Francois Ozon
Camille Japy,L'impasse du cachalot
Camille Japy,Combats de femme
Camille Japy,J'ai tué Clémence Acéra
Camille Japy,Electroménager
Camille Japy,Les fantômes de Louba
Camille Japy,Crime Scenes
Camille Japy,Le monde de Marty
Camille Japy,Crimes en série
Camille Japy,Fleshback
Camille Japy,La mort dans l'âme
Camille Japy,Nos vies heureuses
Camille Japy,Lila Lili
Camille Japy,Beaucoup trop loin
Camille Japy,La part des choses
Camille Japy,Les jours bleus
Camille Japy,Regards d'enfance
Camille Japy,L'onzième commandement
Camille Japy,Scènes de lit
Camille Japy,Divorce sans merci
Camille Japy,(G)rève party
Camille Japy,Demi père
Camille Japy,Il y a des journées qui mériteraient qu'on leur casse la gueule
Camille Japy,Maigret
Camille Japy,Love Reinvented
Camille Japy,Deux justiciers dans la ville
Camille Japy,Anna Oz
Camille Japy,Le cri de la soie
Camille Japy,When the Cat's Away
Camille Japy,Little Death
Camille Japy,Suivez le bébé
Camille Japy,Dadou
Camille Japy,Julie Lescaut
Camille Japy,Méprises multiples
Camille Japy,Café au lait
Camille Japy,La femme à abattre
Camille Japy,Embrasse-moi
Camille Japy,Gallant Ladies
Michel Biel,À ses yeux
Michel Biel,Summit Fever
Michel Biel,Baptiste
Michel Biel,Sentinelle
Michel Biel,Perfect Crimes
Michel Biel,Emily in Paris
Michel Biel,Skam France
Michel Biel,Danny
Michel Biel,"Someone, Somewhere"
Michel Biel,Midnight Dreamers
Michel Biel,Mad Love
Michel Biel,Tomorrow Is Ours
Michel Biel,Fist
Michel Biel,Juste un regard
Michel Biel,Murder in Saint-Paul De Vence
Michel Biel,Dunkirk
Michel Biel,Wild Days
Michel Biel,Gadjo Mio
Michel Biel,Barbara
Michel Biel,Time Machine 3D
Isaiah Hodges,Emily in Paris
Isaiah Hodges,Holiday Birds
Isaiah Hodges,Mending of Heart
Roe Hartrampf,I Know You Are
Roe Hartrampf,Diana
Roe Hartrampf,Emily in Paris
Roe Hartrampf,Madam Secretary
Roe Hartrampf,"Game Over, Man!"
Roe Hartrampf,Untitled Jenny Lumet Project
Roe Hartrampf,Post-Party
Roe Hartrampf,The Foster Portfolio
Roe Hartrampf,The Get Down
Roe Hartrampf,Trip
Roe Hartrampf,5 Stages (5tages)
Roe Hartrampf,Equity
Roe Hartrampf,Red Oaks
Roe Hartrampf,Broker
Roe Hartrampf,Ava's Possessions
Roe Hartrampf,Deadbeat
Roe Hartrampf,Elementary
Roe Hartrampf,A Good Marriage
Roe Hartrampf,Power
Roe Hartrampf,Those Who Kill
Roe Hartrampf,Boardwalk Empire
Roe Hartrampf,Golden Boy
Roe Hartrampf,Person of Interest
Roe Hartrampf,Blue Bloods
Roe Hartrampf,Pan Am
Roe Hartrampf,Romeo Vs. Juliet
Christophe Tek,"Catherine, Called Birdy"
Christophe Tek,The Bangkok Job
Christophe Tek,Basse Saison
Christophe Tek,Emily in Paris
Christophe Tek,Le voleur rose: Pink Thief
Christophe Tek,The Great
Christophe Tek,Prise au piège
Christophe Tek,Sun
Christophe Tek,Made in China
Christophe Tek,Anna
Christophe Tek,Chimerica
Christophe Tek,Spiral
Christophe Tek,Vire-moi si tu peux
Christophe Tek,Junk Love
Christophe Tek,Hippocrate
Christophe Tek,Matador
Christophe Tek,White Dragon
Christophe Tek,The Glorious Acceptance of Nicolas Chauvin
Christophe Tek,The Trouble with You
Christophe Tek,Black Tide
Christophe Tek,Thirst Street
Christophe Tek,Kim Kong
Christophe Tek,Vendeur
Tatiana Gousseff,Asterix & Obelix: The Middle Kingdom
Christophe Tek,Fashion Victims
Christophe Tek,Mui Diên n'est pas mort
Christophe Tek,Je suis solidaire
Christophe Tek,Legends
Christophe Tek,The Wakhan Front
Christophe Tek,A Fleur De Peau
Christophe Tek,Mon héros
Christophe Tek,Lucy
Christophe Tek,Denis
Christophe Tek,Un mal pour un bien
Tatiana Gousseff,L'échappée belle
Tatiana Gousseff,In Tandem
Tatiana Gousseff,Stuck Together
Tatiana Gousseff,Tropiques criminels
Tatiana Gousseff,L'Enfant de Personne
Tatiana Gousseff,Portrait de Famille
Tatiana Gousseff,Emily in Paris
Tatiana Gousseff,Les copains d'abord
Tatiana Gousseff,Royal
Tatiana Gousseff,La vérité si je mens! Les débuts
Tatiana Gousseff,My Family and the Wolf
Tatiana Gousseff,Little White Lies 2
Tatiana Gousseff,Clem
Tatiana Gousseff,Spiral
Tatiana Gousseff,Scènes de ménages
Tatiana Gousseff,"Parents mode d'emploi, le film: Avis de turbulences sur la famille Martinet"
Tatiana Gousseff,Le mec de la tombe d'à côté
Tatiana Gousseff,Doc Martin
Tatiana Gousseff,Détectives
Tatiana Gousseff,Résistance
Tatiana Gousseff,The Passenger
Tatiana Gousseff,Supercondriaque
Tatiana Gousseff,"Fais pas ci, fais pas ça"
Tatiana Gousseff,Parents mode d'emploi
Tatiana Gousseff,Madame Sans-Gêne
Tatiana Gousseff,Sur le fil
Tatiana Gousseff,Bank Error in Your Favour
Tatiana Gousseff,Tout va bien
Tatiana Gousseff,I Do: How to Get Married and Stay Single
Tatiana Gousseff,Totale Impro
Tatiana Gousseff,Let's Be Friends
Tatiana Gousseff,La vache qui pleure
Tatiana Gousseff,Le train
Tatiana Gousseff,Courrier du Coeur
Tatiana Gousseff,Caisse d'Épargne: Les triplés
Tatiana Gousseff,Leave Your Hands on My Hips
Tatiana Gousseff,A Great Little Business
Tatiana Gousseff,If I Were a Rich Man
Tatiana Gousseff,Bob le braqueur
Tatiana Gousseff,Boomer
Tatiana Gousseff,Tanguy
Tatiana Gousseff,August 15th
Tatiana Gousseff,Fortune Tellers and Misfortune
Tatiana Gousseff,De la bouche des enfants
Tatiana Gousseff,Evamag
Tatiana Gousseff,"Amour, travail, santé..."
Tatiana Gousseff,Mort de rire
Frédéric Anscombre,Emily in Paris
Frédéric Anscombre,The Bureau
Frédéric Anscombre,Trauma Zéro
Frédéric Anscombre,Platane
Frédéric Anscombre,Perfect Crimes
Frédéric Anscombre,Proud
Frédéric Anscombre,Overdrive
Frédéric Anscombre,Cléo
Frédéric Anscombre,Les arbres sont bleus
Frédéric Anscombre,Nina
Frédéric Anscombre,Plus belle la vie
Frédéric Anscombre,Puerto Ricans in Paris
Frédéric Anscombre,Vaugand
Frédéric Anscombre,No Limit
Frédéric Anscombre,Magellan
Frédéric Anscombre,Les mauvaises têtes
Frédéric Anscombre,Les limiers
Frédéric Anscombre,Code Lyoko
Frédéric Anscombre,Profilage
Frédéric Anscombre,Le jour où tout a basculé à l'audience
Frédéric Anscombre,Main courante
Nathalie Cerda,Les invisibles
Nathalie Cerda,Unclaimed
Nathalie Cerda,Emily in Paris
Nathalie Cerda,Spiral
Frédéric Anscombre,Talons aiguilles & bottes de paille
Frédéric Anscombre,Le jour où tout a basculé
Frédéric Anscombre,Research Unit
Frédéric Anscombre,Les toqués
Frédéric Anscombre,Dominici un procès impitoyable
Frédéric Anscombre,Avocats & associés
Frédéric Anscombre,L'affaire Seznec: c'est vous qui allez le juger
Frédéric Anscombre,Gardiens de l'ordre
Frédéric Anscombre,State Affairs
Frédéric Anscombre,Comprendre & pardonner
Frédéric Anscombre,20something
Frédéric Anscombre,Les bleus: premiers pas dans la police
Frédéric Anscombre,Duval and Moretti
Frédéric Anscombre,R.I.S. Police scientifique
Frédéric Anscombre,Décomposition d'un meurtre
Frédéric Anscombre,SoeurThérèse.com
Frédéric Anscombre,"Joséphine, ange gardien"
Frédéric Anscombre,Le juge est une femme
Frédéric Anscombre,The Great Flood: Paris 2010
Frédéric Anscombre,L'état de Grace
Frédéric Anscombre,Love and Other Disasters
Frédéric Anscombre,Toutes les Margaux
Frédéric Anscombre,Cordier and Son: Judge and Cop
Frédéric Anscombre,Aix mélodie
Frédéric Anscombre,H
Nathalie Cerda,Sweetheart
Nathalie Cerda,Mystère à l'Élysée
Nathalie Cerda,Irresponsible
Nathalie Cerda,On aime
Nathalie Cerda,Lanester
Nathalie Cerda,"Fais pas ci, fais pas ça"
Nathalie Cerda,La loi de...
Nathalie Cerda,Captain Sharif
Nathalie Cerda,Malaterra
Nathalie Cerda,Les fusillés
Nathalie Cerda,Mister Perrichon's Journey
Nathalie Cerda,Détectives
Nathalie Cerda,Un village français
Nathalie Cerda,Si les papillons parlaient
Nathalie Cerda,Mom Lost It!
Nathalie Cerda,Little Nicholas
Nathalie Cerda,P.J.
Nathalie Cerda,Blame It on Mum
Nathalie Cerda,Les livres qui tuent
Nathalie Cerda,Hit & Run
Nathalie Cerda,Avocats & associés
Nathalie Cerda,Père et maire
Nathalie Cerda,Cordier and Son: Judge and Cop
Nathalie Cerda,La vie devant nous
Nathalie Cerda,Vatel
Nathalie Cerda,Le juge est une femme
Nathalie Cerda,Une femme d'honneur
Nathalie Cerda,Internal Affairs
Nathalie Cerda,L'histoire du samedi
Nathalie Cerda,Un homme en colère
Nathalie Cerda,Lautrec
Nathalie Cerda,Souhaitez-moi bonne chance
Nathalie Cerda,The Comet
Nathalie Cerda,Les Misérables
Nathalie Cerda,Police Secrets
Nathalie Cerda,Le voleur et la menteuse
Nathalie Cerda,Julie Lescaut
Nathalie Cerda,Tout ça... pour ça!
Nathalie Cerda,Mademoiselle Fifi ou Histoire de rire
Nathalie Cerda,L'ami Giono
Nathalie Cerda,La jalousie
Nathalie Cerda,The Man Who Lived at the Ritz
Tytouan Cloarec-Bailly,Emily in Paris
Charley Fouquet,Emily in Paris
Charley Fouquet,A Friendly Tale
Charley Fouquet,Bad Seeds
Charley Fouquet,Murder in the Basque Country
Charley Fouquet,Qu'est ce qu'on attend pour être heureux?
Charley Fouquet,Plus belle la vie
Charley Fouquet,Agathe Koltès
Charley Fouquet,"Fais pas ci, fais pas ça"
Charley Fouquet,Les Dames
Charley Fouquet,Ma pire angoisse
Charley Fouquet,Interventions
Charley Fouquet,Julie Lescaut
Charley Fouquet,Research Unit
Charley Fouquet,Delicacy
Charley Fouquet,Chez Maupassant
Charley Fouquet,Un flic
Charley Fouquet,Sur le fil
Charley Fouquet,"Thelma, Louise et Chantal"
Charley Fouquet,Des gens qui passent
Charley Fouquet,Profilage
Charley Fouquet,The Queen and the Cardinal
Charley Fouquet,Les Petits Muertres D'Agatha Christie
Édith Le Merdy,Grand Prix
Édith Le Merdy,Emily in Paris
Charley Fouquet,Secret Defense
Charley Fouquet,Coupable
Charley Fouquet,A Girl Cut in Two
Charley Fouquet,Internal Security
Charley Fouquet,The Pink Panther
Charley Fouquet,Internal Affairs
Charley Fouquet,Les inséparables
Charley Fouquet,Le temps meurtrier
Charley Fouquet,"Joséphine, ange gardien"
Charley Fouquet,"À cran, deux ans après"
Charley Fouquet,Errances
Charley Fouquet,À cran
Charley Fouquet,Courtes histoires de train
Charley Fouquet,The Race
Charley Fouquet,Le regard de l'autre
Charley Fouquet,An Unlikely Couple
Charley Fouquet,Personne avant toi
Charley Fouquet,Highlander: The Raven
Charley Fouquet,Boys on the Beach
Charley Fouquet,Dossier: disparus
Charley Fouquet,Sous le soleil
Charley Fouquet,Les vacances de l'amour
Édith Le Merdy,Spiral
Édith Le Merdy,Villa Caprice
Édith Le Merdy,The Enemy
Édith Le Merdy,An Officer and a Spy
Édith Le Merdy,Honey Bunny
Édith Le Merdy,D'après une histoire vraie
Édith Le Merdy,Caramel mou
Édith Le Merdy,Spin
Édith Le Merdy,Les enfants de la chance
Édith Le Merdy,A Wedding
Édith Le Merdy,Cigarettes et chocolat chaud
Édith Le Merdy,The African Doctor
Édith Le Merdy,The New Kid
Édith Le Merdy,Florida
Édith Le Merdy,Irresponsible
Édith Le Merdy,Through the Air
Édith Le Merdy,Journal d'une femme de chambre
Édith Le Merdy,Qui de nous deux
Édith Le Merdy,L'ascenseur
Édith Le Merdy,Détectives
Édith Le Merdy,Alleluia
Édith Le Merdy,Rosemary's Baby
Édith Le Merdy,Country Parasite
Édith Le Merdy,Workingirls
Édith Le Merdy,"Fais pas ci, fais pas ça"
Édith Le Merdy,The Iron Stairs
Édith Le Merdy,Le grand méchant loup
Édith Le Merdy,Suzanne
Édith Le Merdy,Marrying Off Mom
Édith Le Merdy,Bicycling with Molière
Édith Le Merdy,Un petit bout de France
Édith Le Merdy,Cornouaille
Édith Le Merdy,Au cas où je n'aurais pas la palme d'or
Édith Le Merdy,Just Like Home
Édith Le Merdy,Low Cost
Édith Le Merdy,Big Jim
Édith Le Merdy,Gardiens de l'ordre
Édith Le Merdy,"En chantier, monsieur Tanner!"
Édith Le Merdy,Chicas
Édith Le Merdy,Julie Lescaut
Édith Le Merdy,Student Services
Édith Le Merdy,The Whistler
Édith Le Merdy,Les Petits Muertres D'Agatha Christie
Édith Le Merdy,Au siècle de Maupassant: Contes et nouvelles du XIXème siècle
Édith Le Merdy,Foursome
Édith Le Merdy,Groupe flag
Édith Le Merdy,"My Friends, My Love"
Édith Le Merdy,Me Two
Édith Le Merdy,Comme les autres
Édith Le Merdy,Tokyo!
Édith Le Merdy,A.D. La guerre de l'ombre
Édith Le Merdy,Room of Death
Édith Le Merdy,Bitten
Édith Le Merdy,Bitter Tropics
Édith Le Merdy,To Each His Own Cinema
Édith Le Merdy,La Vie En Rose
Édith Le Merdy,Les innocents
Édith Le Merdy,Avocats & associés
Édith Le Merdy,Cheating Love
Édith Le Merdy,Le procès de Bobigny
Édith Le Merdy,Olé!
Édith Le Merdy,Ladies of the Law
Édith Le Merdy,Backstage
Édith Le Merdy,L'amour aux trousses
Édith Le Merdy,Faites comme chez vous
Édith Le Merdy,Akoibon
Édith Le Merdy,P.J.
Édith Le Merdy,Cordier and Son: Judge and Cop
Édith Le Merdy,The Story of My Life
Édith Le Merdy,Fargas
Édith Le Merdy,La classe du brevet
Édith Le Merdy,RRRrrrr!!!
Édith Le Merdy,A Great Little Business
Édith Le Merdy,24 Hours in the Life of a Woman
Édith Le Merdy,La vie promise
Édith Le Merdy,La torpille
Édith Le Merdy,Léopold
Édith Le Merdy,Happenstance
Édith Le Merdy,A Wonderful Love
Édith Le Merdy,Les convoyeurs attendent
Édith Le Merdy,Une leçon d'amour
Édith Le Merdy,Les carnets de monsieur Manatane
Édith Le Merdy,Fanny se fait un sang d'encre
Édith Le Merdy,L'ordre du jour
Édith Le Merdy,Man Bites Dog
Hanaé Cloarec-Bailly,Emily in Paris
Hanaé Cloarec-Bailly,Désarticulé
Arnaud Viard,Emily in Paris
Arnaud Viard,I Wish Someone Were Waiting for Me Somewhere
Arnaud Viard,By the Grace of God
Arnaud Viard,Infidelity
Arnaud Viard,Paris Can Wait
Arnaud Viard,Carole Matthieu
Arnaud Viard,"Paris, Love, Cut"
Arnaud Viard,Amitiés sincères
Arnaud Viard,Que du bonheur
Arnaud Viard,The Little Cat Is Dead
Arnaud Viard,Les enquêtes d'Éloïse Rome
Arnaud Viard,Mission protection rapprochée
Arnaud Viard,13/14
Arnaud Viard,L'adieu
Arnaud Viard,All Girls Are Crazy
Arnaud Viard,Avocats & associés
Arnaud Viard,Higher Still
Arnaud Viard,"Oui, mais..."
Arnaud Viard,Le secret de Lucie
Arnaud Viard,People in Swimsuits Aren't (Necessarily) Shallow
Arnaud Viard,Affaires familiales
Arnaud Viard,Julie Lescaut
Arnaud Viard,"Joséphine, ange gardien"
Arnaud Viard,Dossier: disparus
Arnaud Viard,El Medina
Arnaud Viard,Boulevard du Palais
Arnaud Viard,En désespoir de cause
Arnaud Viard,Rouge et mimosa
Arnaud Viard,Tous ensemble
Arnaud Viard,Une femme d'honneur
Arnaud Viard,Combats de femme
Arnaud Viard,Mars ou la terre
Arnaud Viard,Les menteurs
Arnaud Viard,Cordier and Son: Judge and Cop
Arnaud Viard,Ainsi soient-elles
Arnaud Viard,Regards d'enfance
Arnaud Viard,Une nounou pas comme les autres
Samuel Arnold,Pandemica
Samuel Arnold,Emily in Paris
Samuel Arnold,Platane
Samuel Arnold,National Theatre Live: Antony & Cleopatra
Samuel Arnold,Tuer un homme
William Abadie,Emily in Paris
William Abadie,Waiting for Anya
William Abadie,Sweetbitter
William Abadie,Red Dead Redemption II
William Abadie,The Con is On
William Abadie,Gotham
William Abadie,Madam Secretary
William Abadie,The Mentalist
William Abadie,The Longest Week
William Abadie,Person of Interest
William Abadie,Homeland
William Abadie,Blue Bloods
William Abadie,White Collar
William Abadie,Pan Am
William Abadie,90210
William Abadie,Malone
William Abadie,Royal Pains
William Abadie,Gossip Girl
William Abadie,Chuck
William Abadie,The Human Contract
William Abadie,My Sassy Girl
William Abadie,Cashmere Mafia
William Abadie,Gideon Falls
William Abadie,Samantha Who?
Charles Martins,Emily in Paris
Charles Martins,Versailles
Charles Martins,Virgin
Charles Martins,Les Falaises
William Abadie,Resident Evil: Extinction
William Abadie,Entourage
William Abadie,The O.C.
William Abadie,Call of Duty 3
William Abadie,Ugly Betty
William Abadie,CSI: NY
William Abadie,The Pink Panther
William Abadie,Strip Search
William Abadie,ER
William Abadie,Sex and the City
William Abadie,Unfaithful
Charles Martins,32
Charles Martins,Plus belle la vie
Charles Martins,Sex and the City
Charles Martins,Lucia's Automaton
Charles Martins,The Offer
Charles Martins,Erie Road
Charles Martins,Love Monkey
Charles Martins,G
Camille Razat,Le vieux juif Blonde
Camille Razat,Diane de Poitiers
Camille Razat,Mastemah
Camille Razat,Emily in Paris
Camille Razat,The Accusation
Camille Razat,Caprice
Camille Razat,Girls with Balls
Camille Razat,Paris Pigalle
Camille Razat,Bug
Camille Razat,Alright
Camille Razat,The 15:17 to Paris
Camille Razat,(Girl)Friend
Camille Razat,The Girl from the Pool
Camille Razat,Rock'n Roll
Camille Razat,Capitain Marleau
Camille Razat,Disparue
Camille Razat,La dernière virée
Bruno Gouery,Emily in Paris
Bruno Gouery,Rose Island
Bruno Gouery,A Friendly Tale
Bruno Gouery,Platane
Bruno Gouery,Place des Victoires
Bruno Gouery,Super Jimmy
Bruno Gouery,President Alphonse
Bruno Gouery,Losing It
Bruno Gouery,Captain Sharif
Bruno Gouery,The Truk
Bruno Gouery,The New Adventures of Cinderella
Bruno Gouery,Marie-Francine
Bruno Gouery,Doc Martin
Bruno Gouery,Underground Time
Bruno Gouery,Des lendemains qui chantent
Bruno Gouery,That's Not What You Think!
Bruno Gouery,Astromaniak
Jean-Christophe Bouvet,Down in Paris
Jean-Christophe Bouvet,Emily in Paris
Jean-Christophe Bouvet,La rupture
Jean-Christophe Bouvet,The Spy
Jean-Christophe Bouvet,Plus belle la vie
Jean-Christophe Bouvet,Riviera
Jean-Christophe Bouvet,The Beating Hearts Chronicles
Jean-Christophe Bouvet,The Egg Lasts
Jean-Christophe Bouvet,La légende
Jean-Christophe Bouvet,Tempting Devils
Jean-Christophe Bouvet,Loki Starfish: Eyes on the Highway
Jean-Christophe Bouvet,Woke
Jean-Christophe Bouvet,Bonaparte: La Campagne d'Egypte
Jean-Christophe Bouvet,Falling In/Out of Love
Jean-Christophe Bouvet,We Are Tourists
Jean-Christophe Bouvet,Sélection officielle
Jean-Christophe Bouvet,A votre service
Jean-Christophe Bouvet,Where Horses Go to Die
Jean-Christophe Bouvet,4 Days in France
Jean-Christophe Bouvet,Le tour du Bagel
Jean-Christophe Bouvet,Studio Bagel
Jean-Christophe Bouvet,Par consentement mutuel
Jean-Christophe Bouvet,"Folles, folles, folles!"
Jean-Christophe Bouvet,"Deux Rémi, deux"
Jean-Christophe Bouvet,Chéries-Chéris 20e
Jean-Christophe Bouvet,Look Up
Jean-Christophe Bouvet,Hasta mañana
Jean-Christophe Bouvet,Bleus Cycles
Jean-Christophe Bouvet,C'est une petite chambre aux couleurs simples
Jean-Christophe Bouvet,Honey Killer
Jean-Christophe Bouvet,Y'a pas d'âge
Jean-Christophe Bouvet,Gare du Nord
Jean-Christophe Bouvet,You and the Night
Jean-Christophe Bouvet,Bienvenue à Fantasia
Jean-Christophe Bouvet,La balle de trop
Jean-Christophe Bouvet,Chaos
Jean-Christophe Bouvet,Foreign Investigations
Jean-Christophe Bouvet,Les boules de Noël d'Hérotoman
Jean-Christophe Bouvet,Paris by Night
Jean-Christophe Bouvet,Good Day Today
Jean-Christophe Bouvet,"Louis XVI, the Man Who Didn't Want to Be King"
Jean-Christophe Bouvet,Tommy
Jean-Christophe Bouvet,Our Paradise
Jean-Christophe Bouvet,Rani
Jean-Christophe Bouvet,Let My People Go!
Jean-Christophe Bouvet,Cat Run
Jean-Christophe Bouvet,Saint Valentin
Jean-Christophe Bouvet,Accusé Mendès France
Jean-Christophe Bouvet,Belleville-Tokyo
Jean-Christophe Bouvet,Black Venus
Jean-Christophe Bouvet,Histoires de vies
Jean-Christophe Bouvet,Fragment(s)
Jean-Christophe Bouvet,Dumas
Jean-Christophe Bouvet,Services sacrés
Jean-Christophe Bouvet,Cinéman
Jean-Christophe Bouvet,SoeurThérèse.com
Jean-Christophe Bouvet,Avocats & associés
Jean-Christophe Bouvet,The Wolberg Family
Jean-Christophe Bouvet,Au siècle de Maupassant: Contes et nouvelles du XIXème siècle
Jean-Christophe Bouvet,Demi-deuil
Jean-Christophe Bouvet,Bosom
Jean-Christophe Bouvet,Ladies of the Law
Jean-Christophe Bouvet,Des Indes à la planète Mars
Jean-Christophe Bouvet,Colisée
Jean-Christophe Bouvet,L'auberge rouge
Jean-Christophe Bouvet,International XPress
Jean-Christophe Bouvet,La discordance
Jean-Christophe Bouvet,Captain Ahab
Jean-Christophe Bouvet,La France
Jean-Christophe Bouvet,The Mole
Jean-Christophe Bouvet,Taxi 4
Jean-Christophe Bouvet,Comrades
Jean-Christophe Bouvet,Un flic
Jean-Christophe Bouvet,Les chemins immobiles
Jean-Christophe Bouvet,Lisa et le pilote d'avion
Jean-Christophe Bouvet,Death's Glamour
Jean-Christophe Bouvet,Private Life
Jean-Christophe Bouvet,One to Another
Jean-Christophe Bouvet,Il sera une fois...
Jean-Christophe Bouvet,Marie Antoinette
Jean-Christophe Bouvet,"Neige, ma grimace"
Jean-Christophe Bouvet,Sable noir
Jean-Christophe Bouvet,The Tiger Brigades
Jean-Christophe Bouvet,Comedy of Power
Jean-Christophe Bouvet,Commissaire Moulin
Jean-Christophe Bouvet,Journal IV
Jean-Christophe Bouvet,Spiral
Jean-Christophe Bouvet,Second plan
Jean-Christophe Bouvet,Like a Brother
Jean-Christophe Bouvet,Prisonnier
Jean-Christophe Bouvet,The Story of My Life
Jean-Christophe Bouvet,Courts mais GAY: Tome 8
Jean-Christophe Bouvet,Aux folles les pompiers!
Jean-Christophe Bouvet,Notre musique
Jean-Christophe Bouvet,À vot' bon coeur
Jean-Christophe Bouvet,Le cou de Clarisse
Jean-Christophe Bouvet,En famille
Jean-Christophe Bouvet,Saltimbank
Jean-Christophe Bouvet,Taxi 3
Jean-Christophe Bouvet,Zone Reptile
Jean-Christophe Bouvet,Effraction
Jean-Christophe Bouvet,The Red Siren
Jean-Christophe Bouvet,The New Jean-Claude
Jean-Christophe Bouvet,Shipwrecked on Route D 17
Jean-Christophe Bouvet,Accidental Saint
Jean-Christophe Bouvet,"Le chien, le chat et le cibachrome"
Jean-Christophe Bouvet,Being Light
Jean-Christophe Bouvet,Internal Affairs
Jean-Christophe Bouvet,Off to the Revolution by a 2CV
Jean-Christophe Bouvet,La boîte
Jean-Christophe Bouvet,Folle de Rachid en transit sur Mars
Jean-Christophe Bouvet,Les éléphants de la planète Mars
Jean-Christophe Bouvet,Une rue dans sa longueur
Jean-Christophe Bouvet,Lise and Andre
Jean-Christophe Bouvet,The Dark Room
Jean-Christophe Bouvet,Grand oral
Jean-Christophe Bouvet,Un flic nommé Lecoeur
Jean-Christophe Bouvet,Cosmocrator
Jean-Christophe Bouvet,Taxi 2
Jean-Christophe Bouvet,Le domaine
Jean-Christophe Bouvet,Out!
Jean-Christophe Bouvet,Lovers
Jean-Christophe Bouvet,Recto/Verso
Jean-Christophe Bouvet,Les passagers
Jean-Christophe Bouvet,Glória
Jean-Christophe Bouvet,Le monde à l'envers
Jean-Christophe Bouvet,Plain or Chocolate
Jean-Christophe Bouvet,"Victor Schoelcher, l'abolition"
Jean-Christophe Bouvet,L'examen de minuit
Jean-Christophe Bouvet,The Count of Monte Cristo
Jean-Christophe Bouvet,Pleasure (And Its Little Inconveniences)
Jean-Christophe Bouvet,Le passager
Jean-Christophe Bouvet,Un arrangement
Jean-Christophe Bouvet,Vicious Circles
Jean-Christophe Bouvet,Cordier and Son: Judge and Cop
Jean-Christophe Bouvet,Des progrès en amour
Jean-Christophe Bouvet,Dialogue au sommet
Jean-Christophe Bouvet,L'odyssée du 16/9°
Jean-Christophe Bouvet,Le contre-ciel
Jean-Christophe Bouvet,Imogène
Jean-Christophe Bouvet,Love Reinvented
Jean-Christophe Bouvet,J'aime beaucoup ce que vous faites
Jean-Christophe Bouvet,La cuisinière
Jean-Christophe Bouvet,Le complexe de Toulon
Jean-Christophe Bouvet,Les grandes personnes
Jean-Christophe Bouvet,The Rock of Acapulco
Jean-Christophe Bouvet,Dadou
Jean-Christophe Bouvet,Le terminus de Rita
Jean-Christophe Bouvet,Terre sainte
Jean-Christophe Bouvet,Tous les garçons et les filles de leur âge...
Jean-Christophe Bouvet,Cold Water
Jean-Christophe Bouvet,Fear City: A Family-Style Comedy
Jean-Christophe Bouvet,Bouvet et son texte
Jean-Christophe Bouvet,Savage Nights
Jean-Christophe Bouvet,Krapatchouk
Jean-Christophe Bouvet,Les dents de ma mère
Jean-Christophe Bouvet,I Don't Kiss
Jean-Christophe Bouvet,Le triplé gagnant
Jean-Christophe Bouvet,Jusqu'à ce que le jour se lève
Jean-Christophe Bouvet,Opération Mozart
Jean-Christophe Bouvet,En cas de bonheur
Jean-Christophe Bouvet,Et de trois
Jean-Christophe Bouvet,Côté nuit
Jean-Christophe Bouvet,La madone au minitel
Jean-Christophe Bouvet,Les jurés de l'ombre
Jean-Christophe Bouvet,Under the Sun of Satan
Jean-Christophe Bouvet,Un garçon de France
Jean-Christophe Bouvet,En voilà 2
Jean-Christophe Bouvet,Peinture à l'eau
Jean-Christophe Bouvet,At the Top of the Stairs
Jean-Christophe Bouvet,Archipel des amours
Jean-Christophe Bouvet,"En veux-tu, en voilà"
Jean-Christophe Bouvet,Loin de Manhattan
Jean-Christophe Bouvet,Le borgne
Jean-Christophe Bouvet,Rupture tango
Jean-Christophe Bouvet,Le roman du samedi
Jean-Christophe Bouvet,That's Life
Jean-Christophe Bouvet,Légitime défense
Jean-Christophe Bouvet,Il était un musicien
Jean-Christophe Bouvet,Le théâtre des matières
Jean-Christophe Bouvet,La machine
Jean-Christophe Bouvet,Le pendule
Jean-Christophe Bouvet,Change pas de main
Jean-Christophe Bouvet,Beyond Love and Evil
Jean-Christophe Bouvet,Le banquet
Kate Walsh,Emily in Paris
Kate Walsh,Grey's Anatomy
Kate Walsh,Sometime Other Than Now
Kate Walsh,Honest Thief
Kate Walsh,The Umbrella Academy
Kate Walsh,3022
Kate Walsh,13 Reasons Why
Kate Walsh,Best Fiends: Temper's Adventure
Kate Walsh,Almost Love
Kate Walsh,American Dad!
Kate Walsh,Fam
Kate Walsh,Best Fiends: Howie's Gift
Kate Walsh,America 2.0
Kate Walsh,Best Fiends: Baby Slug's Big Day Out
Kate Walsh,Best Fiends: Fort of Hard Knocks
Kate Walsh,13 Reasons Why: Season 2 Date Announcement Commercial
Kate Walsh,Ideal Home
Kate Walsh,Corporate
Kate Walsh,If I Forget
Kate Walsh,#Realityhigh
Kate Walsh,Mark Felt: The Man Who Brought Down the White House
Kate Walsh,Best Fiends: Visit Minutia
Kate Walsh,Girls Trip
Kate Walsh,Best Fiends: Boot Camp
Kate Walsh,Marvel Avengers Academy
Kate Walsh,The Hypothetical Star Wars Holiday Special
Kate Walsh,Everyone's Crazy But Us
Kate Walsh,Staten Island Summer
Kate Walsh,Undateable
Kate Walsh,Any Day
Kate Walsh,Bad Judge
Kate Walsh,The Hotwives of Orlando
Kate Walsh,Desiree
Kate Walsh,Fargo
Kate Walsh,Just Before I Go
Kate Walsh,Full Circle
Kate Walsh,Scary Movie V
Kate Walsh,Newsreaders
Kate Walsh,Private Practice
Kate Walsh,The Perks of Being a Wallflower
Kate Walsh,Angels Crest
Kate Walsh,G.A.Y.S. (Guys Against You Serving) Part 2
Kate Walsh,Funny or Die Presents...
Kate Walsh,Legion
Kate Walsh,One Way to Valhalla
Kate Walsh,King of the Hill
Kate Walsh,Straight on Till Morning
Kate Walsh,Will.i.am: Yes We Can
Kate Walsh,1408
Kate Walsh,Girl Missing
Kate Walsh,Cheap Seats: Without Ron Parker
Kate Walsh,"Veritas, Prince of Truth"
Kate Walsh,Bobby Cannon
Kate Walsh,Bewitched
Kate Walsh,Inside Out
Kate Walsh,Kicking & Screaming
Kate Walsh,Eyes
Kate Walsh,Joint Custody
Kate Walsh,"Wake Up, Ron Burgundy"
Kate Walsh,Complete Savages
Kate Walsh,CSI: Crime Scene Investigation
Kate Walsh,After the Sunset
Kate Walsh,Karen Sisco
Kate Walsh,Happy Family
Kate Walsh,The Men's Room
Kate Walsh,Untitled Nicole Sullivan Project
Kate Walsh,Under the Tuscan Sun
Kate Walsh,Anatomy of a Breakup
Kate Walsh,The Mind of the Married Man
Kate Walsh,The Drew Carey Show
Kate Walsh,A Day in the Life of Nancy M. Pimental
Kate Walsh,The Fugitive
Kate Walsh,Norm
Kate Walsh,The Only Living Boy in New York
Kate Walsh,The Family Man
Kate Walsh,The Weber Show
Kate Walsh,The Mike O'Malley Show
Kate Walsh,Turks
Kate Walsh,Cupid
Kate Walsh,Heaven
Kate Walsh,Three Below Zero
Kate Walsh,Peppermills
Kate Walsh,Get That Number
Kate Walsh,Night of the Lawyers
Kate Walsh,Law & Order
Kate Walsh,"Henry: Portrait of a Serial Killer, Part 2"
Kate Walsh,Swift Justice
Kate Walsh,Homicide: Life on the Street
Kate Walsh,Normal Life
Kate Walsh,Club Dead
Lucas Bravo,Ticket to Paradise
Lucas Bravo,The Honeymoon
Lucas Bravo,Mrs Harris Goes to Paris
Lucas Bravo,Emily in Paris
Lucas Bravo,Fantasma
Lucas Bravo,Loving
Lucas Bravo,Relation Libre
Lucas Bravo,Arrogance Bikini
Lucas Bravo,A Matter of Time
Lucas Bravo,Caprice
Lucas Bravo,Beautiful injuries
Lucas Bravo,Plus belle la vie
Lucas Bravo,T.O.C
Lucas Bravo,Iwaa
Lucas Bravo,Smart Ass
Lucas Bravo,Cracs
Lucas Bravo,Sous le soleil de Saint-Tropez
Lucas Bravo,Subtitles
Ashley Park,Untitled Adele Lim/Lionsgate Comedy Project
Ashley Park,Barnaby
Ashley Park,Mr. Malcolm's List
Ashley Park,Untitled Jessica Gao/ABC Project
Ashley Park,Emily in Paris
Ashley Park,Red Frontier
Ashley Park,Girls5eva
Ashley Park,Ratatouille: The TikTok Musical
Ashley Park,Helpsters
Ashley Park,Tales of the City
Ashley Park,Low Low
Ashley Park,Nightcap
Ashley Park,Are You Joking?
Ashley Park,My Dirty Little Secret
Ashley Park,Open House
Ashley Park,The V Card
Ashley Park,Charlene Kaye: Human
Philippine Leroy-Beaulieu,Liaison
Philippine Leroy-Beaulieu,Emily in Paris
Philippine Leroy-Beaulieu,Papi Sitter
Philippine Leroy-Beaulieu,Mirage
Philippine Leroy-Beaulieu,De Gaulle
Philippine Leroy-Beaulieu,Call My Agent!
Philippine Leroy-Beaulieu,Lola & Her Brothers
Philippine Leroy-Beaulieu,Agathe Koltès
Philippine Leroy-Beaulieu,Scènes de ménages
Philippine Leroy-Beaulieu,Père fils thérapie!
Philippine Leroy-Beaulieu,Eternity
Philippine Leroy-Beaulieu,Graziella
Philippine Leroy-Beaulieu,Rosemary's Baby
Philippine Leroy-Beaulieu,"Les trois frères, le retour"
Philippine Leroy-Beaulieu,Camping paradis
Philippine Leroy-Beaulieu,"Ma femme, ma fille, 2 bébés"
Philippine Leroy-Beaulieu,Three Days with the Family
Philippine Leroy-Beaulieu,Le juge est une femme
Philippine Leroy-Beaulieu,La sombra de nadie
Philippine Leroy-Beaulieu,Love and Other Disasters
Philippine Leroy-Beaulieu,Les Flying Ramirez
Philippine Leroy-Beaulieu,Commissaire Valence
Philippine Leroy-Beaulieu,Venus and Apollo
Philippine Leroy-Beaulieu,Trois couples en quête d'orages
Philippine Leroy-Beaulieu,Two Brothers
Philippine Leroy-Beaulieu,"Écoute, Nicolas..."
Philippine Leroy-Beaulieu,18 Years Later
Philippine Leroy-Beaulieu,Sandra et les siens
Philippine Leroy-Beaulieu,Petit Ben
Philippine Leroy-Beaulieu,Vatel
Philippine Leroy-Beaulieu,Jeanne et le loup
Philippine Leroy-Beaulieu,L'histoire du samedi
Philippine Leroy-Beaulieu,TGV
Philippine Leroy-Beaulieu,Mes enfants étrangers
Philippine Leroy-Beaulieu,La voie est libre
Philippine Leroy-Beaulieu,La vérité est un vilain défaut
Philippine Leroy-Beaulieu,Hercule & Sherlock
Philippine Leroy-Beaulieu,Je n'en ferai pas un drame
Philippine Leroy-Beaulieu,The Green Planet
Philippine Leroy-Beaulieu,Soigneurs dehors!
Philippine Leroy-Beaulieu,Le nez au vent
Philippine Leroy-Beaulieu,Jefferson in Paris
Philippine Leroy-Beaulieu,L'année Juliette
Philippine Leroy-Beaulieu,Un eroe borghese
Philippine Leroy-Beaulieu,L'île aux mômes
Philippine Leroy-Beaulieu,Des héros ordinaires
Philippine Leroy-Beaulieu,Neuf mois
Philippine Leroy-Beaulieu,Les enfants du faubourg
Philippine Leroy-Beaulieu,Petits travaux tranquilles
Philippine Leroy-Beaulieu,Un'anima divisa in due
Philippine Leroy-Beaulieu,Jules Ferry
Philippine Leroy-Beaulieu,Meutre avec préméditation: Récidive
Philippine Leroy-Beaulieu,Coupable d'innocence ou Quand la raison dort
Philippine Leroy-Beaulieu,La cabine
Philippine Leroy-Beaulieu,Les clés du paradis
Philippine Leroy-Beaulieu,Mon dernier rêve sera pour vous
Philippine Leroy-Beaulieu,The French Revolution
Philippine Leroy-Beaulieu,Les deux Fragonard
Philippine Leroy-Beaulieu,Natalia
Philippine Leroy-Beaulieu,Camomille
Philippine Leroy-Beaulieu,Les possédés
Philippine Leroy-Beaulieu,Dandin
Philippine Leroy-Beaulieu,Flag
Philippine Leroy-Beaulieu,Aria
Philippine Leroy-Beaulieu,La maison piège
Philippine Leroy-Beaulieu,Three Men and a Cradle
Philippine Leroy-Beaulieu,Black Sequence
Philippine Leroy-Beaulieu,Mistral's Daughter
Philippine Leroy-Beaulieu,Surprise Party
Philippine Leroy-Beaulieu,Eden
